minghan,abram,juan-jose,derek,itiel,gyovani,nasir,imad,odalis,kenny,alexandre,yudrian,yoryan,jenssen,stiven,yahir,abu,chrisstoffer,jurguen,jusephe,jayson,jocsan,nikolas,kristhian,sebastieron,mickol,engerbeg,khayron,jheremey,josua,mohser,edward,vairon,ahiram,johan,duvan,jecsan,josemiguel,byron,harold,willimans,jaccob,ethian,elgin,ithan,stheven,vincent,jordano,chistian,phill,erick,anthony,jhasthin,cristofer,maicol,davis,patrick,christhofer,yerko,bryan,marcel,jesus,wiliam,maickol,jeronimo,joaquinsergio,brayan,wualdo,junior,bayron,juaquin,denison,williams,maximo,jacob,jhon,hairon,denzel,jhave,jeffrei,said,yostin,bastian,ignacio,aaron,abdias,abdo,abdul,abel,abelardo,abenamar,abiel,abimael,abner,abraham,absalóm,acnin,adair,adalberto,adalino,adam,adan,adelino,adelio,adelqui,adhemar,adolfo,adonai,adonis,adrian,adriano,adriel,afrael,agapito,agostino,aguer,agustin,ahmed,aien,aike,aimar,ain,aitor,ajotaj,akeem,akori,aladino,alain,alan,albano,alberto,albino,alcibiades,alcides,aldair,alderico,aldo,ale,alec,alejandro,alejo,alek,alen,alesio,alessandro,alex,alexander,alexandro,alexis,alfio,alfonso,alfredo,ali,alon,alonso,altair,alvar,alvaro,alvin,amable,amadeo,amadis,amado,amador,amalio,amancay,amaro,amaru,amaury,ambar,ambay,ambrosio,americo,amiel,amilcar,amin,aminadab,amir,amon,anacleto,anakin,ananias,anastasio,anderson,andes,andino,andre,andrea,andreas,andres,andrew,andronico,andy,angel,angelo,angus,aniano,anibal,aniceto,anolfo,anselmo,antares,ante,antenor,antolin,antón,antonino,antonio,antu,antuel,aparicio,apolinario,apolo,aquiles,arami,aramis,arandu,aranzazu,arcadio,arcangel,archibaldo,are,argentino,argimiro,arian,ariano,ariel,arístides,aristóbulo,aristóteles,armando,armen,arnaldo,arnoldo,arol,aroldo,aron,arrigo,arsenio,artenio,arturo,ary,asael,asdrubal,asier,astor,atahualpa,atanasio,athos,atila,atilano,atilio,auberto,auca,aucan,augusto,aukan,aureliano,aurelio,aurico,avelino,axel,ayax,ayrton,azarias,azemin,azul,bahiano,balbino,baldomero,baltasar,baltazar,balthazar,bartolo,bartolome,baruj,basilio,bautista,belisario,beltran,benicio,benito,benjamin,bernabe,bernardino,bernardo,bianco,bienvenido,blas,bonifacio,bono,bonzo,boris,borja,borja,borna,brahim,braian,branco,brandon,braulio,brian,bricio,bruno,caetano,caín,caio,caius,cala,caleb,calfu,calixto,calógero,camil,camilo,canaan,cancio,candido,carlo,carlos,carmelo,casiel,casimiro,cataldo,catrian,catriel,catulo,cayetano,cayo,cecilio,ceferino,celedonio,celestino,celio,celso,cesar,cesareo,cesario,chalten,chevy,chonik,christian,christopher,cielo,cintio,cipriano,cirano,ciriaco,cirilo,cirineo,ciro,claudio,claus,clemente,cleto,climaco,clodomiro,cochi,cone,confucio,conrado,constancio,constante,constantino,corazón,cornelio,cosme,coyan,crisanto,crisolino,crisólogo,críspulo,cristian,cristiano,cristobal,cristopher,cruz,cuauhtemoc,cuhelen,cumelen,custodio,dagoberto,daian,dalmasio,dalmiro,damaso,damian,damir,damon,dan,danel,daniel,danielo,danilo,dante,dardo,darian,dariel,dario,daryl,david,davor,de aranzazu,de dios,de fatima,de la cruz,de la paz,de las mercedes,de las nieves,de los angeles,de los milagros,de lujan,deian,del carmen,del cielo,del corazón de,del milagro,del pilar,del rosario,del sagrado,del socorro,del solar,del valle,delfin,delfino,delfo,delfor,demesio,demetrio,demian,demóstenes,denis,deolindo,desiderio,desio,diano,didier,diego,dihuen,dimitri,dinko,dino,diocles,diógenes,dion,dionel,dionisio,domiciano,domingo,dominiciano,dominico,donaldo,donardo,donato,doroteo,douglas,doyel,dracon,duam,duilio,dulce jesus,duncan,dustin,dylan,eber,ecio,edelmar,edelmiro,eder,edesio,edgar,edgardo,edilberto,edilio,edimundo,edmundo,edrei,eduardo,eduilio,eduviges,edwin,efrain,efren,egisto,eial,eitan,ekel,eladio,elbio,eleazar,elenio,eleodoro,eleuterio,eli,elian,elias,elido,eliecer,eliel,eliezer,elihu,elio,elisandro,eliseo,elliot,eloy,elpidio,elvio,elvis,emanuel,emerio,emerito,emerson,emeterio,emil,emiliano,emilio,emir,emmanuel,eneas,enio,enoc,enrico,enrique,enzo,erasmo,eric,erik,ernesto,eros,ervar,ervin,erwin,esdras,espartaco,estanislao,esteban,estefano,etienne,euclides,eudoro,eugenio,eulogio,eurico,eusebio,eustaquio,eval,evando,evangelino,evaristo,evencio,everardo,evian,exequiel,ezequias,ezequiel,ezra,fabian,fabiano,fabio,fabricio,fabrizio,facundo,falko,fantino,faraon,faras,farid,faruk,faustino,fausto,favio,fe,febo,federico,feliciano,felipe,felix,ferdinando,fermin,fernan,fernando,fidel,fiorello,flabian,flaminio,flavio,floreal,florencio,florente,florentino,florian,florio,floro,folco,fortunato,francesco,francis,francisco de,francisco de,francisco,franco,frank,froilan,fulgencio,gabino,gabriel,gadiel,gael,gaizka,galileo,galo,gamal,gamaliel,gamel,gandolfo,gary,gaspar,gaston,gautama,genaro,generoso,geraldo,gerardo,german,geronimo,gerson,gervasio,gesualdo,gian,giancarlo,gianfranco,gianluca,gianmarco,gianni,gideon,gilberto,gines,gino,giorgio,giovanni,giuliano,giuseppe,glorialdo,godofredo,gohan,gonzalo,goran,graciano,gregorio,gualberto,gualterio,guido,guilad,guillard,guillermo,guilmar,guiomar,gumersindo,gunter,gustavo,guy,habacuc,habib,haig,hansel,haraldo,hari,haritz,haroldo,hassan,hazael,haziel,heber,heberto,hector,heldo,helio,helios,helvio,henry,henrry,heraclio,heráclito,heraldo,hercules,heriberto,herman,hermelindo,hermenegildo,hermes,hernan,hernando,hernani,hideo,higinio,hilario,hilarión,hipolito,homero,honorio,horacio,hortencio,huaman,huberto,huenei,hugo,humberto,hune,iago,iair,ian,ianka,ibar,ibero,ibrian,ícaro,idaho,idelmar,iesus,ignacio,igor,ihuen,ijal,iker,ilan,ildefonso,ildemar,illed,iman,imanol,imperio,inca,indalecio,indio,indra,inocencio,inti,intiyey,iñaki,iñaque,iñaqui,iñigo,ioav,ionatan,iosef,ireneo,iron,isaac,isachar,isai,isaias,isidoro,isidro,ismael,israel,italo,itamar,ithiel,itziar,ivan,ives,ivo,jacinto,jack,jacob,jacobo,jacues,jahaziel,jail,jaim,jaime,jainen,jair,jairo,jalif,jalil,james,janko,jano,jared,jason,javier,jazmín,jean,jehiel,jenaro,jeramel,jeremi,jeremias,jeremy,jerónimo,jerusalem,jesuam,jesús,jesús,jeuel,jeziel,joakim,joan,joao,joaquin,joav,joel,jokebed,jon,jonas,jonatan,jonathan,joran,jordan,jordi,jorge,jose,josef,josemaria,joseph,joshua,josias,josue,jov,juan,judá,julem,julian,juliano,julio,justiniano,justino,justo,juvenal,kai,kaipo,kalen,kalil,kamar,kapriel,karim,karin,karumanta,kasim,katu,kaya,ken,kenji,kenneth,kevin,khalil,khoren,killa,klaus,kona,kuarahy,kumen,kurt,kyle,ladislao,lahuel,lahuen,laico,lalo,lanin,laureano,laurencio,laurindo,lauro,lautaro,lazaro,leandro,lehuel,lelio,lemuel,leon,leonardo,leonel,leonelo,leonidas,leonides,leopoldo,leroy,levi,levon,lewel,liam,liber,liberato,liberto,lican,lien,ligorio,lihue,lihuel,lihuen,lincoln,linka,lino,lionel,lisandro,lisardo,livio,llaco,llanque,lorenzo,loreto,luan,luca,lucas,lucero,luciano,lucio,ludovico,luis,lujan,luka,lukas,lureano,lutero,macabeo,macario,macedonio,magno,mahatma,mahoma,mahuen,maico,mainque,maive,maku,malaquias,malco,malcolm,malcom,malik,malté,mamerto,manel,manfredo,manque,manuel,marcelino,marcelo,marcial,marciano,marcio,marco,marcos,maría,mariano,marino,marinus,mario,marko,markus,marlon,martin,martiniano,martino,massimo,mateo,mathias,matias,matusalén,mauricio,maurizio,mauro,max,maximiano,maximiliano,maximino,máximo,maxiniano,maydi,medardo,mel,melchor,melian,melin,meliton,meliveo,melquíades,menajem,mercedes,mercurio,micael,micah,micaias,michael,michel,michelle,miguel,mijael,mijail,mikael,mikel,milco,miles,milo,milos,milton,miqueas,mirko,misael,mive,modesto,mohamed,moises,moreno,moshe,munir,mustafa,mychai,nabil,nadir,nahemias,nahuel,nahun,naim,naiquén,naldo,nalé,napoleón,naquias,narciso,nasha,natahel,natal,natalio,natan,natanael,nataniel,nawel,nazareno,nazareth,nazario,ne´eguet,nedar,nehuen,neiel,neil,nelson,nemesio,neo,neon,nepomuseno,nereo,neri,nestor,neyen,nicanor,nicasio,nicéforo,niceto,nicodemo,nicola,nicolas,nicolino,nihuel,nikias,niklas,nilo,nimai,nino,nirván,niyen,noah,nobelti,noé,noel,noemí,norberto,norman,normando,numa,nuncio,nur,nuri,nuriel,ñancul,obdulio,obed,octavio,ofir,olaf,olegario,olimpo,oliver,oliverio,olmo,omar,onan,onan,onofre,orencio,orestes,orfilio,oriel,orion,orlando,orosio,oscar,osias,osiris,osmar,osvaldo,otelo,othoniel,otilio,otto,ovidio,owen,oziel,pablo,pacífico,paine,paineco,palmiro,pampa,pancracio,paolo,paraná,paris,pascasio,pascual,pastor,patricio,patrik,paul,paula,paulino,paulo,paz,pedro,pehuen,pelegrino,percival,perseo,petronio,philippe,phillippe,piero,pierre,pío,pirén,pitágoras,pitias,piuque,plácido,platon,plinio,plutarco,policarpo,polo,pompeo,pompeyo,pomponio,ponciano,poncio,porfidio,primo,próspero,prudencio,puel,puñen,querian,querubin,quillen,quimey,quintilo,quinto,rafael,rahab,raimundo,raiquen,ram,ramiro,ramón,ramses,rancul,randolfo,raoni,raúl,raulino,rayén,raymi,raziel,reginaldo,regino,reinaldo,reinoldo,relen,remigio,remo,renato,rené,renzo,reuquén,reyes,reynaldo,ricardo,rigel,rigoberto,rinaldo,rino,robertino,roberto,robinson,robustiano,rocco,rodolfo,rodrigo,rogelio,roger,rolando,roldan,roman,romano,romeo,romildo,romualdo,romulo,ronaldo,ronan,roni,roque,rosario,rosendo,roy,ruben,rudecindo,rudesindo,rudolf,rufino,ruperto,ryan,sabas,sabino,sacha,saddam,salomón,salustiano,salustio,salvador,sam,samir,samuel,sancho,sandalio,sander,sandino,sandro,sanson,santiago,santino,santo,santos,sasha,sathya,saturnino,saul,saulo,saverio,savo,sebastian,secundino,segismundo,segundo,selem,selim,sem,senen,septimio,serafin,serapio,sereno,sergio,servando,servodei,severiano,severino,severo,shahir,shakir,sharif,sigfrido,silas,silo,silvano,silverio,silvestre,silvino,silvio,simeon,simon,sinforiano,sion,siro,sixto,socrates,sofiel,sofocles,sofonias,sol,solano,sotero,spiro,stabros,stefano,stephano,steven,stiriaco,stylianos,suen,sultan,sumaj,suyay,tabaré,taciano,tacio,tadeo,taiel,talian,tamar,tamir,tamuz,tao,taras,tectzel,tehuel,telemaco,telmo,temis,teo,teodoro,teofilo,teseo,theo,thiago,thierry,thomas,thor,tiago,tiberio,tibor,tiburcio,timo,timoteo,tirso,tiziano,tobias,tomas,tome,toqui,torcuato,toribio,traichen,tránsito,trinidad,tristan,tubal,tulio,tupac,ualberto,ubaldo,uciel,uladimiro,ulises,ulrico,urbano,uriel,uriren,urko,utka,uziel,valente,valentin,valentino,valeriano,valerio,venancio,ventura,vernón,vicente,victor,victoriano,victorico,victorino,victorio,vidal,vinicius,vito,vitoldo,viviano,vladimir,vladimiro,waldemar,waldo,wallace,walter,washington,wayra,wenceslao,wilfredo,william,willka,wilson,xabier,xavier,xochtiel,xuan,yaco,yael,yago,yain,yair,yamal,yamil,yamir,yannick,yasin,yatel,yenien,yerimen,yoav,yoel,yosef,yucel,yunca,yunka,yurah,yuri,yves,zacarías,zadquiel,zahir,zaqueo,zelai,zelmar,zenón,zeus,zoe,zoel,zoilo,zuahir,aachman ,aadesh ,aadi,aafreen ,aakar ,aakash ,aalap ,aandaleeb ,aashish ,abeer ,abhay,abhayananda ,abhayaprada ,abheek ,abhi ,abhibhava ,abhicandra ,abhidi ,abhihita ,abhijat,abhijaya ,abhijit,abhijvala ,abhilash ,abhimand ,abhimani ,abhimanyu ,abhimanyusuta ,abhimoda ,abhinabhas ,abhinanda ,abhinandana,abhinatha,abhinav,abhinava ,abhirup ,abhishek,abhisoka ,abhisumat ,abhisyanta ,abhivira ,abhra ,abhrakasin ,abhyagni ,abhyudaya ,abhyudita ,abjayoni ,abjit ,acalapati ,acalendra ,acalesvara ,acanda ,acarya ,acaryanandana ,acaryasuta ,acaryatanaya ,acchindra ,achal ,achintya,achyut ,achyuta,acintya ,acyutaraya ,adalarasu ,adarsh ,adesh ,adhik ,adhikara ,adhipa ,adhita ,adikavi ,adil ,adinath ,adit ,aditeya ,aditya,adityanandana ,adityavardhana,adripathi ,adwaita ,adway ,adwaya ,aftab,aftaab ,agasti, agastya ,agendra ,agha ,agharna ,aghat ,agneya ,agnikumara ,agniprava ,agrim ,agriya ,ahijit ,ahilan ,ahmad ,ahsan ,aijaz ,aiman ,ainesh ,ajamil ,ajatashatru,ajay,ajinkya ,ajit,ajitabh,ajitesh ,ajmal ,akalmash ,akalpa ,akash,akhil ,akhilesh,akmal ,akram ,akroor ,akshan ,akshar ,akshat,akshath ,akshay ,akshit ,akul ,alagan ,alagarasu ,alam, aalam ,alamgir ,alhad ,alok,aloke ,amal,amalendu ,amalesh ,amanath ,amanda ,amar,amartya ,ambar,ambarish ,ambuj ,ameya,amil ,amish,amit,amitabh,amitabha, amitav ,amitava,amitbikram ,amitesh,amitiyoti ,amitrasudan ,amiya ,amlankusum ,ammar ,amod ,amogh,amoha ,amol,amolik, amolak ,amrit,amrit, amrik ,amulya,anadi ,anamitra ,anand,ananda, anand ,ananga, anang ,ananmaya ,anant,ananta, anant ,anantram,anarghya ,anbarasu ,anbu ,anbuchelvan ,anbumadi ,angad ,angada,angamuthu ,anil,animish, animesh ,anirudhha,anirvan ,anisa ,anish,aniteja ,anjasa ,anjum ,anjuman ,ankit,ankur,ankush ,anmol ,anoop,anshu ,anshul,anshuman,anshumat ,anu ,anugya ,anuha ,anuj ,anunay ,anup, anoop ,anupam,anurag,anurag, anuraag ,anuttam ,anwar ,apoorva,apparajito ,apurva, apoorva ,arav ,aravali ,aravan ,archan ,archit ,ardhendu ,arghya ,arham ,arhant ,arihant,arijit ,arindam ,arivalagan ,arivali ,arivarasu ,arivoli ,arivuchelvan ,arivumadhi ,arivumani ,arivunambi ,arjit ,arjun,arka ,arnav,arnesh ,arokya ,arshad ,arul ,arulchelvan ,arumugan ,arun,arun, aroon ,aruni ,arvind,arvinda, arabinda ,arya ,aryaman ,asao, asav ,asgar ,ashis ,ashok,ashraf ,ashu ,ashutosh ,ashvin,ashwatthama,ashwin, asvin ,ashwini,asit, ashit ,aslesh ,atal ,atanu ,atiya ,atma ,atmaja ,atmajyoti,atmananda ,atralarasu ,atreya ,atul,atul, atulya ,atulya,avadhesh ,avanindra,avanish,avatar ,avikshit ,avinash,avkash ,ayog ,ayushman ,ayyapan ,badal ,badri ,badrinath,badriprasad,bahubali ,bahuleya ,bahumanya,bahurai,bajrang ,bakhtawar,balaaditya,balachandra,balachandrav,baladhi,baladhitya,balagovind ,balaji,balakrishna,balakumar,balamani,balamohan,balamurugan,balan,balanath,balaraj ,balaram ,balaravi,balbir ,baldev,balgopal ,balram,balvindra, balvinder ,balwant ,banbihari ,bandhu ,bandhul ,bankebihari ,bankim ,bankimchandra ,bansi,bansilal ,barid ,baridbaran ,barindra ,barun ,basanta ,basavaraj,basistha ,basudha ,bhadrak,bhadraksh,bhadrang,bhadranidhi,bhagaditya,bhagat,bhagirat,bhagirath,bhagwant ,bhagyanandana,bhairav ,bhajan ,bhanu,bhanudas ,bhanuprasad,bharadwaj,bharat,bhargava ,bhargyaraj ,bhaskar,bhaumik ,bhavamanyu,bhavesh,bhim,bhishma ,bhojaraja,bhooshan ,bhooshit ,bhudev,bhumi,bhupathi,bhupen,bhupendra,bhushan,bhuvan,bhuvanesh,bibek ,bibhas ,bibhavasu ,bijal ,bikram ,bilva ,bimal ,bindusar,bipin,birbal,bitasok ,bodhan ,boudhayan ,brahmabrata ,brahmadutt ,bratindra ,brijesh,brijmohan,buddhadev,buddhadeva ,budhil ,bukka ,chaitanya,chakor ,chakradev ,chakradhar ,chakrapani ,chakshu ,chaman,chamanlal ,champak ,chanakya,chanchal ,chandak ,chandan,chandra,chandrabhan ,chandrachur ,chandrahas,chandrak,chandrakanta ,chandrakiran,chandrakirthi,chandrakishore ,chandrakumar ,chandramohan ,chandran ,chandranath ,chandraprakash,chandraraj ,chandrashekar ,chandrashekhar,chandratha,chandresh,chandrodaya,chanyana,chapal,charan,charanjit,charu,charudatta,charudutta,charuvardhana,charuvindha,chaturbhuj,cheliyan,chellamani,chellamuthu,chellapan,chemmal,chetan,chetana ,chevatkodiyon,chhandak ,chidambar,chidambaram,chidananda ,chiman ,chinmay,chinmayananda ,chinnadurai,chintamani,chintan,chinthanaichelvan,chintya,chirag,chiranjeev,chirantan ,chirayu ,chirtrang,chithayu,chitrabhanu ,chitragupta,chitraksh,chitral ,chitrarath ,chitrasen ,chitresh ,chitta ,chittaprasad,chittaranjan,chittaswarup,chittesh ,chudamani,dabeet ,daha ,daivya ,daiwik ,daksha,dakshesh,dakshi ,dakshina,dalajit,dalapathi,dalbhya,daman ,damian ,damodar,danuj,danvir,darpak,darpan ,darshan ,daruka,dasharath ,dasharathi ,dasmaya,dattatreya,dayada,dayakara,dayanand,dayanidhi,dayasagara,dayashankar,debashis ,debashish,deenabandhu ,deep ,deepak,deepan ,deepankar,deependra,deependu ,deepesh ,deepit ,deeptanshu ,deeptendu ,deeptiman ,deeptimoy ,dev ,dev kumar ,devabrata ,devachandra,devadarshan,devadas ,devadatta,devadhipa,devadutt,devadyumna,devajyoti ,devak ,devakantha,devamadana,devanand,devang,devaraj,devarpana,devarsi,devarya,devdas,devdutta ,devendra,devesh,deveshwar ,devilal,deviprasad,devnarayan ,devnath ,devraj,devya,dhanajit,dhananjay,dhanesh,dhanraj ,dhansukh ,dhanvant ,dharanidhar ,dharendra,dharma,dharmachandra,dharmadas ,dharmadev,dharmaditya,dharmanand ,dharmendra,dharmendu ,dharmesh,dharmpal ,dharmveer ,dhaval,dhavalachandra,dhawal ,dheeman ,dheemant ,dheer ,dheeran ,dheerendra ,dheivamani ,dhevan ,dhevaneyan ,dhikshit,dhinakar,dhinanta,dhipin,dhiraj ,dhiren,dhirendra,dhritiman ,dhruv,dhvanya,dhwani ,dhyana,dhyanesh ,digamber,dilawar ,dilip,dinanath ,dinapati ,dinar ,dindayal ,dinesh,dinkar,divakar,divyanga ,divyendu,divyesh,drupad ,dulal ,duraimurugan ,duranjaya,durjaya,dushyanta ,dwaipayan ,dwijaraj ,dwijendra ,dwijesh ,dyumani,dyutit,edhas,edi,ednit,eeshwar,egaiarasu,eha,ehimay,eka,ekachandra,ekachith,ekagrah,ekaksha,ekalavya ,ekalinga,ekambar ,ekana,ekanath ,ekanga,ekansh,ekapad,ekaraj,ekatan,eknath,ekram ,elango,elil,elilarasan,elilarasu,elilvendan,ellu,elumalai,eshwar ,etash,evyavan,faakhir,faaris,faarooq,fadi,fadl,fadl ullah ,fahad,faisal,faiyaz ,faiz ,fakhry ,falak ,falgu ,falguni, phalguni ,fanibhusan ,fanindra ,fanish ,fanishwar ,faraz ,fareed ,farhad ,farhat ,farid ,faris ,farukh, farokh ,fateen ,fateh ,fatik ,fawaz ,fidaa ,firdaus ,firoz ,fravash ,fuad ,gagan,gaganvihari,gajanan,gajanand ,gajendra,ganaka,ganapati ,ganaraj,gandesha,gandhar,gandharaj,gandharva,gandhik ,gandira,ganendra,ganesh ,gangadhar,gangadutt,gangesh ,gangeya ,gangol ,ganjan,garisht,gaurang,gaurav,gaurinath ,gautam ,gavisht,gayak,gayan,geet,ghalib ,ghanashyam ,giri ,giridari ,giridhar,girik ,girilal,girindra ,giriraj,girish,gokul ,gopal,gopan,gopesh ,gopichand ,gorakh ,gourishankar ,govind,govinda ,grahish,granthik,grihith,gudakesha ,gulab,gulfam ,gulzar ,gulzarilal ,gunalan,gunaratna,gunayukth,gunjan ,gunwant ,gupil ,gurbachan,gurcharan,gurdayal,gurdeep,gurmeet,gurnam,gurpreet ,gursharan,guru,gurudas,gurudutt,gyan ,gyandev ,habib ,hafiz ,hakesh,hamid ,hamir ,hans ,hansaraj,hanuman ,hanumant ,hardik ,harekrishna ,harendra ,haresh,hari,haridas ,harigopal ,harihar,harikanth,harilal,harinaksh,harinarayan ,hariom ,hariprasad ,hariraj,hariram ,harish,harishankar ,harishchandra ,haritbaran ,harith,harjeet ,harkrishna ,harmendra ,haroon ,harsh,harsha,harshad,harshal,harshaman,harshavardhan ,harshil ,harshit ,harshul,harshvardhan,hashmat ,hasit ,hassan ,heer ,hem ,hemachandra,hemadri,hemamdar ,heman,hemang,hemanga ,hemant,hemaraj,hemendra,hemendu ,heramba,himachal ,himadri ,himaghna ,himanshu ,himmat ,himnish ,hiranmay ,hiranya,hirendra ,hiresh,hitendra ,hriday ,hridayanand,hridayesh,hridaynath,hridik ,hriman ,hrishikesh,hritish ,hurditya,hussain ,ibhanan,ibhya,ibrahim ,idris ,iham ,ihit ,ikshu,ilaiyavan,ilamporai,ilamurugu,ilancheliyan,ilandevan,ilango,ilanthirayan,ilavalagan,ilavarasan,ilavenil,ilesh,iman ,imaran ,imtiaz ,inakanta,inbanathan,indeever,indivar ,indra,indradutt,indrajeet ,indrajit,indrakanta ,indraneel,indrasena,indrasuta,indratan,indubhushan ,induhasan ,indukanta ,indulal ,indumat,indushekhar ,inesh,iniyavan,intekhab ,iqbal ,iraiyavan,irfan ,iri,irshaad ,irya,isaiarasu,isaivalan,isar ,ishan,ishrat ,ishwar,itish,iyyappan,izhar ,jadhav,jag ,jagachandra,jagad,jagadayu,jagadbandu ,jagadeep,jagadev,jagadhidh,jagadip,jagadish ,jagajeet,jagajeevan,jagan,jaganmay ,jagannath,jagath,jagesh,jagjeevan ,jagmohan,jahan ,jai,jaichand ,jaidayal ,jaidev,jaigath,jaigopal ,jaikrishna ,jaimini ,jainarayan ,jaipal ,jairaj ,jaisal ,jaishankar ,jaisukh ,jaitra,jaiwant ,jalad,jalal ,jalendra,jalendu ,jalil ,jalindra,janak,janamejay, janardan ,janardan,janav,janith,janya,japa ,japan,japendra ,japesh ,jasamit ,jasapal ,jasbeer ,jashan ,jashun,jaspal ,jasraj,jasveer,jaswant,jatan ,jatin ,jatya,javed ,javin,jawahar,jayad,jayadeep,jayaditya,jayant,jayanta ,jayashekhar,jaysukh,jeemutbahan ,jeevan,jehangir,jenya,jhoomer ,jignesh ,jihan ,jinendra,jishnu,jitendra,jivitesh ,jnyandeep,jnyaneshwar,jogindra, joginder ,jograj ,jugnu ,jujhar ,jusal ,jyotichandra ,jyotiprakash ,jyotiranjan ,jyotirdhar ,jyotirmoy ,kabir,kailas ,kailash,kailashchandra,kailashnath ,kalapriya,kalash ,kalicharan ,kalidas,kalimohan ,kalipada ,kaliranjan ,kalith,kalpa,kalya,kalyan ,kamadev,kamal,kamalakar ,kamalapati ,kamalesh,kamalnayan ,kaman,kamat,kamik,kamlesh,kamod ,kamraj ,kamran ,kamukh,kanad ,kanak,kanal,kanan,kanchan ,kandan,kandarpa ,kanha,kanhaiya ,kanhaiyalal ,kanishka ,kanishta,kantilal ,kantimoy ,kanu ,kanvar ,kanwal ,kanwaljeet ,kanwalkishore ,kapil ,kapish ,karan ,kareem ,karna ,karnik,kartar ,kartik,kartikeya,karun,karunakar ,karunamay ,karunashankar ,kashif ,kashinath ,kashiprasad ,kashyap ,kathith,kaunteya,kausar ,kaushal,kaushik,kaustav ,kaustubh ,kavan,kavi,kaviraj ,kedar ,kedarnath ,keshav ,ketan ,kevalkishore,kevalkumar ,keyur ,khadim ,khajit ,khalid ,khazana ,khemchand ,khemprakash ,khushal ,kinshuk ,kiran ,kiranmay ,kirik,kirit ,kirtikumar ,kishore ,kishorekumar,kotijit,kovida,kriday ,kripal ,krishanu ,krishna ,krishnachandra,krishnadeva ,krishnakanta,krishnakumar,krishnala ,krishnamurari,krishnamurthy,krishnaroop ,krishnendu ,kshaunish ,kuber ,kuberchand ,kularanjan ,kulbhushan ,kuldeep ,kulik,kumar ,kunal ,kundan ,kundanlal ,kundir,kunja ,kunjabihari ,kush ,kushal ,kusumakar ,lagan ,lakshin ,lakshman,lakshmibanta ,lakshmidhar ,lakshmigopal ,lakshmikanta ,lalit,lalitaditya,lalitchandra,lalitkishore ,lalitkumar ,lalitmohan,lambodar ,lankesh ,latafat ,latif ,lav, luv ,lavana ,lochan ,lohitaksha ,lokajit ,lokesh,loknath,lokprakash,lokranjan ,madan,madanapal,madangopal ,madhav,madhavdas ,madhu,madhuk ,madhukanta ,madhukar,madhumay,madhup ,madhur ,madhusudan ,madhusudhana,madin,madur,magadh,magan ,mahabahu ,mahabala,mahadev,mahaj,mahanidhi,mahaniya ,mahanth,maharath,maharth,mahavir,maheepati,mahendra,mahesh,maheshwar ,mahijith,mahin ,mahindra ,mahipal ,mahir,mahish ,mahith,mahmud ,mahtab ,mainak ,maitreya,makarand,makul,makur,malay ,manajith,manas ,manasi ,manasyu,manav ,manavendra,mandan,mandar,mandeep ,mandhatri,mandin,mandir,mandith,manendra,mangal ,mangesh ,mani ,manibhushan ,manik,manikandan ,manindra,maniram,manish,manishankar,manith,manjeet ,manmatha ,manmohan ,mannan,mannath,mannith,manohar,manoj,manonith,manoranjan,manoth,manprasad,mansukh,manth,manu,manuj,manyu,mardav ,mareechi,markandeya,martand,martanda ,marut ,maruti ,matsendra,mayank,mayanka ,mayur,megh ,megha ,meghashyam ,meghdutt,meghnad,mehboob ,mehdi ,mehmood ,mehul,mekhal,meru,mihir,milan ,milap ,milind,milun ,mirza ,misal ,mitesh,mithil,mithilesh ,mithun,mitra ,mitul,mohajit ,mohak ,mohal ,mohamad ,mohan,mohin,mohit,mohnish ,mohul ,monish,moti ,motilal ,moulik ,mriganka ,mrigankamouli ,mrigankasekhar ,mrigendra ,mrigesh ,mrityunjay ,mubarak ,mudita ,muhamad ,mukesh,muktananda ,mukul,mukunda,mukut ,mulkraj ,mumtaz ,muni ,murad ,murali ,muralidhar ,muralimanohar ,murari ,murarilal ,musheer ,nabarun ,nabendu ,nabhanyu,nabhas,nabhi ,nabhith,nabhya,nachiketa,nadal,nadin,nadir ,nagarin,nagarjun,nagendra ,nagesh ,nahusha ,nairit ,naishadh ,nakshatra ,nakul ,nalin,nalinaksha ,naman ,namasyu,nambi,namdev,nanak ,nand ,nanda,nandakishor,nandan,nandi,nandin,naotau ,narahari ,narasimha ,narayan ,narayana,narendra,naresh,narhari,narinder ,narmad,narottam,narsimha,nartan,narun,natesh ,nathan,nathin,natraj,natwar ,naval ,navalan,navaneet ,naveen,navin,navnit,navrang ,navroz ,nayan,nayath,nedumaan,nedumaran,neel,neeladri ,neelam,neelambar ,neelanjan ,neelesh ,neelkanta ,neelkanth,neelmadhav ,neelmani ,neelotpal ,neeraf ,neeraj,nibodh ,nidhish,nigam ,nihal ,nihar,niket ,nikhat ,nikhil,nikhilesh ,nikunj,nikunja ,nilay,nilesh,nimai ,nimish,ninad,nipun ,nirad,niraj,nirajit ,niral,niramay ,niramitra,niranjan,nirav,nirbhay ,nirijhar ,nirmal,nirmalya ,nirmanyu,nirmit ,nirmohi ,nirupam ,nirvan ,nischal ,nischith,nishad,nishanath ,nishant ,nishesh ,nishikanta ,nishit,nishita ,nishith ,nishkama ,nishok ,nissim ,niteesh,nithik ,nithilan,nitin ,nitish ,nityagopal ,nityanand,nityananda ,nityasundar,nivrutti,niyath,nripa ,nripendra,nripesh ,oha,ohas,ojas,om ,omanand,omar ,omja ,omkar ,omprakash,omrao, umrao ,omswaroop ,oojam,oorjit,oppilmani ,ori ,osman, usman ,ottakoothan ,oviyan ,paavan ,pachai ,pachaimani ,pachaimuthu ,padman ,padmanabh,padmanabha ,padmapati ,palak ,palani ,palaniappan ,palanikumar ,palanimurugan ,palanisami ,palanivel ,palash ,palashkusum ,palashranjan ,pallav,panchanan ,pandhari ,panduranga,panini ,pankaj,panmoli ,pannalal ,parag,parakram ,param ,paramananda ,paramartha,paramesh ,parameshwar ,paramhansa ,paramjeet,paranjay ,parantapa ,paras ,parashar ,parashuram ,parasmani ,paravasu ,parees,paresh,pari ,parijat ,pariket,parikshit ,parimal ,parin ,parindra,paritosh,parnad ,partha,parthapratim ,parvatinandan ,parvesh ,pasupati ,patakin ,patanjali ,pathik ,pathin ,patralika ,pavak ,pavalan ,pavan,pavani ,pavitra ,payas ,payod ,peeyush ,perumal ,phalgun,phaninath,phanindra,phanishwar,phenil ,phoolendu,pinak,pinaki ,pirmohammed ,pitambar ,piyush,ponnan ,poojan ,poojit ,poorna ,poornachandra ,prabal ,prabhakar,prabhas ,prabhat,prabhav ,prabir,prabodh,prabodhan,prabuddha ,prachetas ,prachur ,pradeep,pradnesh,pradosh ,pradyot ,pradyumna ,pradyun ,praful ,prafulla,pragun ,prahlad,prajeet,prajesh ,prajin ,prajit ,prakash,prakash, parkash ,prakat ,prakriti ,pralay ,pramath,pramesh,pramit,pramod,pran,pranav,pranay,pranet,pranit ,pranjal ,pranjivan ,pransukh ,prasad,prasanna,prasata,prasenjit ,prasham ,prashant,prashanta ,prasiddhi ,prasoon,prasun ,pratap,prateek,prateep ,prateet ,pratik ,pratiti ,pratosh,pratul ,praval ,pravar,praveen,praver ,pravir ,prayag,preetish,prem,premal,premanand,premendra ,pritam,prithu,prithvi ,prithvijaj,prithviraj ,priya ,priyabrata ,priyaranjan,pugal ,pugalendhi ,pujit ,pukhraj ,pulak ,pulakesh ,pulastya ,pulin ,pulish ,pundalik ,pundarik,puneet,punit ,punyabrata ,punyasloka ,purandar ,puranjay ,purnanada ,purnendu ,puru ,purujit,purumitra,pururava ,purushottam,pushkar ,pushpak ,puskara,pyarelal ,pyaremohan ,qatadah ,quamar ,quasim ,qudamah ,qutub ,radhak,radhakanta ,radhakrishna ,radhatanaya,radhavallabh ,radheshyam ,radheya ,rafat ,raghav ,raghavendra ,raghu ,raghunandan ,raghunath ,raghupati ,raghuvir ,rahas ,raheem ,rahman ,rahul ,raivath,raj,raja ,rajak,rajam ,rajan,rajani,rajanikant,rajanikanta,rajanya,rajarshi, rajrishi ,rajas ,rajat ,rajatshubhra ,rajdulari ,rajeev,rajendra ,rajendrakumar ,rajendramohan ,rajesh,rajit ,rajiv,rajkumar,rajyeshwar ,rakesh,raksha ,rakshan,ram,ramakanta ,raman,ramanuja,ramashray ,ramavatar ,ramchandra ,ramesh ,rameshwar ,ramith,ramkishore ,ramkrishna ,ramkumar ,rammohan ,ramnath ,ramprasad ,rampratap ,ramratan ,ramswaroop ,ranajay ,ranajit ,randhir ,rangan ,ranganath ,rangith,ranjan,ranjeet,ranjit ,rasaraj ,rasbihari ,rasesh ,rashmil ,rasik ,rasul ,ratan ,ratannabha ,rathik,rathin ,ratish ,ratnakar,ratul ,ravi,ravikiran,ravinandan ,ravindra,ravishu ,raza ,razak ,rebanta ,rehman ,rehmat ,riddhiman ,rijul ,ripudaman ,rishabh,rishi,rishikesh ,rituparan ,rituraj ,ritvik ,riyaz ,rizvan ,rochak ,rochan,rohan ,rohanlal ,rohit,rohitasva ,ronak ,roshan ,ruchir ,rudra ,rujul,rukma ,rupak,rupesh,rupin,rushil ,rustom ,rutajit,rutujit,sabarinathan,sabhya,sacchidananda ,sachet ,sachetan,sachin ,sachit ,sadaiappan,sadanand,sadashiva ,sadeepan ,sadhan,sadiq ,saeed ,sagar,sagun ,sahaj ,sahas ,sahay,sahdev ,sahib ,sahil ,sainath ,saipraasad ,saipratap ,sajal ,sajan ,saket ,salaman ,salarjung ,saleem ,salil ,salim ,samantha,samar ,samarendra ,samarendu ,samarjit,samarth ,sambaran ,sambhav ,sambhddha ,sambit ,sameen ,sameer ,samendra ,samgram,samir,samiran ,sammath,sampat ,samrat,samudra,samudragupta ,samudrasen ,samvath,samyak ,sanabhi ,sanam ,sanat ,sanatan ,sanchay ,sanchit ,sandananda ,sandeep,sandeepan ,sangupt,sanjan,sanjay ,sanjith,sanjiv ,sanjivan ,sanjog,sankalpa ,sankara,sankarshan ,sanket ,sanobar ,santosh,sanwariya ,sanyog ,sapan,saquib ,saral ,sarang,saras ,sarasija ,sarasvat,sarat ,saravanan,sarbajit ,sarfaraz ,saroj ,sartaj ,sarthak ,sarup ,sarvadaman ,sarvanavel,sarvesh ,sarwar ,sashreek ,satindra ,satish,satrijit ,satvamohan ,satyajit,satyakam ,satyaki ,satyamurty,satyanarayan ,satyankar ,satyaprakash ,satyapriya ,satyasheel ,satyavan ,satyavrat,satyavrata ,satyendra,saurabh,saurav,savanth,savar ,savitendra ,sawan ,sayam ,sayed ,seemanta ,selvakumaran,selvan,senajit,sendhil,sendhilnathan,sengannan,senmal,senthamarai,sevak ,shaan ,shachin,shadab ,shaheen ,shahid ,shailendra,shailesh,shaistakhan ,shakib ,shaktidhar ,shakunt,shakyasinha ,shalin,shambhu ,shameek ,shami ,shamindra ,shams ,shamshu, shamshad ,shandar ,shankar,shankha ,shanmukha, shanmuga ,shantanu ,shantashil ,shantimay ,shantinath ,shantiprakash ,shantipriya ,sharad,sharad, sarat ,sharadchandra ,sharadindu ,sharan ,sharang ,shardul,shariq ,shashank,shashanka ,shashee,shashibhushan ,shashidhar ,shashikant,shashikiran ,shashimohan ,shashishekhar ,shashwat,shatrughna, shatrughan ,shatrujit ,shatrunjay,shattesh ,shaukat ,shaunak ,sheetal ,sheil,shekhar ,shesh ,shevantilal ,shikha ,shikhar ,shirish ,shiromani ,shirshirchandra ,shishir,shishirkumar ,shishupal ,shiv,shivendra ,shivendu ,shivesh ,shivlal ,shivraj ,shivshankar ,shobhan ,shoorsen ,shravan ,shravankumar ,shrenik ,shreshta ,shreyas,shridhar ,shrigopal ,shrihari ,shrikanta ,shrikrishna ,shrikumar ,shrinath ,shrinivas ,shripad ,shripal ,shripati ,shriram ,shriranga ,shrish ,shrivatsa ,shriyans ,shubha ,shubhang ,shubhankar ,shubhashis ,shubhendu ,shubhranshu ,shuddhashil ,shulabh,shvetang,shvetank,shyam,shyamal,shyamsundar ,siddhanta ,siddharth,siddhartha ,siddheshwar ,singaravelan,siraj ,sitakanta ,sitanshu ,sitikantha ,sivakumaran,sivanta ,smarajit ,smaran ,smritiman ,smyan,snehal,snehanshn ,snehin ,sohail ,soham ,sohan,sohil ,som ,soman,somansh ,somendra ,someshwar ,somnath ,sopan ,soumil ,soumyakanti ,sourabh ,souren,sourish ,sragvibhushan ,srijan ,srikant,srinivas,sriram,sual ,subal ,subash ,subbarao ,subhan ,subhash,subinay ,subodh,subramani,subrata ,suchir,sudama,sudarshan,sudeep ,sudesh ,sudesha,sudeva,sudhakar,sudhamay ,sudhan,sudhanshu ,sudhanssu,sudhi ,sudhindra ,sudhir,sudhish,sudhith,sudip,sugata ,sugreev ,sugriva,suhail ,suhas ,suhrid ,suhrit ,sujan ,sujash ,sujay ,sujit,sukant, sukanta ,sukesh ,suketu ,sukhamay ,sukhdev,sukrit ,sukumar,sulalit,sulekh ,sulochan ,sultan ,suman ,sumant ,sumanta ,sumantra ,sumedh ,sumeet, sumit ,sumit,sumitra ,sunanda ,sunasi ,sundar,sundaravel,suneet ,sunil,sunirmal ,suparna ,suprakash ,supratik ,supratim ,supriya ,sur ,suraj ,surajit ,suranjan ,surdeep ,suren ,suresh,surya,suryabhan ,suryakant,suryakanta ,suryashankar ,sushanta ,sushil ,sushobhan ,sushrut ,sushruta ,sutej ,sutejas,suvan ,suvimal ,suvrata,suyash ,swagat,swami ,swaminath ,swapan ,swapnil,swaraj,swarup ,swayambhu ,swetaketu ,syamantak ,tahir ,taizeen ,taj ,tajdar ,talat ,talib ,talleen ,tamal ,tamkinat ,tamonash ,tanay ,tanmay,tanuj ,tanveer ,tapan,tapas,tapasendra ,tapasranjan ,tapomay ,tarachand ,tarak,tarakeshwar ,taraknath ,taral ,taran,tarang,taranga ,taraprashad ,tarik ,tariq ,tarit ,tarpan,tarun,taruntapan ,tathagata ,tausiq ,teerth,teerthankar ,tej,tejas,tejeshwar ,tejomay ,thakur ,thangabalu ,thangadurai ,thangamani ,thangarajan ,thangasami ,thangavel ,thayanban ,theeran ,thenappan ,thevan ,thinakaran ,thirugnanam ,thirumal ,thirumalai ,thirumani ,thiruvalluvar ,thooyavan ,tilak,timin,timir ,timirbaran ,tirtha ,titir ,toshan ,trailokva ,trambak ,tribhuvan ,tridib ,trigun ,trilochan,trilok,trilokesh ,tripurari ,trishanku ,trishul ,trivikram ,tufan ,tuhin ,tuhinsurra ,tukaram ,tula ,tulasidas,tulsidas ,tungar,tungesh,turanyu,tushar,tusharkanti ,tusharsuvra ,tyagraja ,udar ,uday,udayachal ,udayan ,udayasooriyan ,uddhar ,uddhav ,udeep,udit,udyam ,udyan ,ujagar ,ujala ,ujesh,ujwal, ujjala ,ulagan ,ulagappan ,ulhas,umanand ,umanant, umakant ,umang,umaprasad ,umashankar ,umed ,umesh ,umrao ,unmaivilambi ,unmesh,unnat ,upagupta ,upamanyu ,upendra,urjita ,ushakanta ,utanka ,utkarsh,utkarsha ,utpal,utsav ,uttal ,uttam,uttar ,uttiya ,vachan ,vachaspati,vaibhav,vaijnath ,vaikunth ,vajra ,vajradhar ,vajramani,vajrapani ,valavan ,vallabh,valmiki, valmik ,vaman ,vanajit ,vandan,vaninath,vardhaman ,varij ,varindra ,varun,vasant,vasava,vasistha ,vasu,vasudev,vasuman,vatsal ,ved,vedanga ,vedavrata ,vedmohan ,vedprakash ,veer,veera ,velan ,vendan ,vengai ,veni ,venimadhav ,vetrival ,vibhas ,vibhat ,vibhishan ,vibhu ,vidur,vidyacharan,vidyadhar,vidyaranya,vidyasagar ,vidyut ,vighnesh, vignesh ,vihanga ,vijay,vijendra, vijanyendra ,vikas,vikesh ,vikram,vikramaditya ,vikramajit ,vikramendra,vikrant,vikranta ,vilas ,vilok ,vilokan ,vimal,vinay,vinayak ,vineet ,vinesh ,vinod,vipan,vipin ,viplab ,viplav,vipra ,vipul,vir ,viraj,viral ,virat,virendra ,viresh ,virochan,vishal,vishesh ,vishnu,vishram ,vishva,vishvajit,vishvakarma,vishvatma,vishwambhar ,vishwamitra,vishwanath ,vishwas,vishwesh ,vismay ,viswanath,viswas ,vithala, vitthal ,vivek,vivekananda ,vrajakishore ,vrajamohan ,vrajanadan ,vrajesh ,vrishin ,vyasa ,vyomesh,wadee ,wajeeh ,wali ,waman,wasan ,yadav,yadavendra ,yadunandan ,yadunath,yaduraj ,yaduvir ,yagna ,yahyaa ,yajat ,yajnadhar ,yajnarup ,yajnesh ,yamajith,yash,yashodhan,yashodhara,yashpal,yashwant,yatin,yatindra ,yayin ,yoganand,yogendra,yogesh,yudhajit,yudhisthir,yugma ,yukta ,yuvaraj,yuyutsu